County/Parish,2023 Score,2024 Score,2025 Score
Buncombe,4.34,4.92,4.94
Catawba,3.75,5.074999999999999,5.24
Craven,4.0,4.73,5.07
Cumberland,3.92,5.99,5.03
Durham,,4.76,3.91
Forsyth,4.785,5.550000000000001,4.505
Guilford,3.635,4.654999999999999,4.17
Lenoir,3.8,4.28,4.8
Mecklenburg,4.0,3.545,3.9399999999999995
Moore,4.52,4.98,4.09
Nash,,3.95,3.43
New Hanover,4.46,4.23,3.86
Orange,3.34,3.74,3.71
Pitt,4.11,5.86,6.4
Rowan,3.78,5.33,4.55
Vance,4.06,4.13,4.0
Wake,3.58,3.25,3.36
