,2023 Score,2024 Score,2025 Score
0,4.005333333333333,4.645588235294118,4.412058823529413
