Region,Total,Age 65 Plus 2025,pct 65 plus
Central North Carolina,4202985,645285,15.353016962944194
Eastern North Carolina,770585,128896,16.727032060058267
Western North Carolina,452938,97185,21.456579046138767
