Region,Age 65 Plus 2023,Total,pct 65 plus
Central North Carolina,597310,4090082,14.603863687818484
Eastern North Carolina,124416,768185,16.19609859604132
Western North Carolina,92030,443243,20.762877247920443
