Region,Age 65 Plus 2023,Total,pct 65 plus
Central North Carolina,597310.0,4090082.0,14.603863687818484
Eastern North Carolina,124416.0,768185.0,16.19609859604132
Western North Carolina,92030.0,443243.0,20.762877247920443
