Values,
Average of 2020,0.997603141
Average of 2022,0.986332271
Average of 2023,0.985279509
Average of 2024,0.984717695
Average of 2025,0.979818939
